ID,Name
02ae172f54b84a32a84c6b0d2cf05c55,The Djentlemen
0f9276f9a4b345949de5fbd6975722ec,Charl
1de0823d6bd043bfa93a01ca1648c7f3,NixB
1ebf4dc046fe4ace909f10e2f0fe40a9,DeanB
2a07aae087da40d29f9fae6f519062fe,7hvrf415v87gjiuhao25o7t8j
2c6bf243c8f545858161ec5d29058144,Rafael Sahb
34658658a49544caa8be1cc74abcfdc7,Corneile
3c619fd8decc4cb9b0a59b48afdf1bbd,Scurvy Sandwich
3ca6d18b7c304ad0adc6380239513b12,AK-47
3d6cb81ce0c34d7cabc93f6c64120275,Micah Mayanja
65f04fd5c7384be2a33f42c81fad5a91,haug27
77399fcee2624a1a9efa1b8c5a6047d9,Buys
87d0ba8660bf4a29b0abb83d88dc958a,Alex
8c235c7c57ca42779d9c54c8ce427e34,gabriel_caires
8dc880a1d49c433c85012015e8110cd6,iKleinduimpie
9500c59486b144798a34725d2faff826,Annafastovsky
a6dc4d889a014ce78e58688311a169e8,Jason Hinch
c856d2b3222649c394c081480bfc2791,korrels
d5210581a4044f8bac5bb0cfc37abab1,Micah Mayanja
d982a8d877ab439196a3428da619e5a9,Koos
dec078fb07e1409a9a532f286c8ce1ec,Jaco Burger
df2d2f553550470fa3bf89eedd432caf,zef jeff
eb725f7535a1489693798373dfe03263,Louis-Willem
ee2ef5fa99cc4e438d555a9338cd746d,Xan Swart
